{"{\"n_estimators\": 50, \"learning_rate\": 0.7}": {"5": [99.93813141201346, 0.033337819355738034]}, "{\"n_estimators\": 50, \"learning_rate\": 0.8}": {"5": [99.99275589317878, 0.0013278898079592857]}, "{\"n_estimators\": 50, \"learning_rate\": 0.9}": {"5": [99.99334325319133, 0.0018982222011972652]}, "{\"n_estimators\": 50, \"learning_rate\": 1}": {"5": [99.99334325319133, 0.0018982222011972652]}, "{\"n_estimators\": 50, \"learning_rate\": 1.1}": {"5": [99.99451797321639, 0.002943319049725327]}, "{\"n_estimators\": 50, \"learning_rate\": 1.2}": {"5": [99.99725898660819, 0.0016842206255458468]}, "{\"n_estimators\": 50, \"learning_rate\": 1.3}": {"5": [99.99882527997492, 0.0009591548840097517]}, "{\"n_estimators\": 50, \"learning_rate\": 1.4}": {"5": [99.99941263998747, 0.0007831466833735367]}, "{\"n_estimators\": 100, \"learning_rate\": 0.7}": {"5": [99.99530111989976, 0.0014387323260143254]}, "{\"n_estimators\": 100, \"learning_rate\": 0.8}": {"5": [99.99667162659567, 0.0020157471495396446]}, "{\"n_estimators\": 100, \"learning_rate\": 0.9}": {"5": [99.99784634662072, 0.0007325666431929525]}, "{\"n_estimators\": 100, \"learning_rate\": 1}": {"5": [99.99804213329156, 0.0010723677608003924]}, "{\"n_estimators\": 100, \"learning_rate\": 1.1}": {"5": [99.99882527997495, 0.0003915733416892664]}, "{\"n_estimators\": 100, \"learning_rate\": 1.2}": {"5": [99.99882527997495, 0.0007325666431941395]}, "{\"n_estimators\": 100, \"learning_rate\": 1.3}": {"5": [99.99902106664578, 0.0006191318153672124]}, "{\"n_estimators\": 100, \"learning_rate\": 1.4}": {"5": [99.99921685331664, 0.0003915733416848255]}, "{\"n_estimators\": 150, \"learning_rate\": 0.7}": {"5": [99.99725898660819, 0.0011416226593382085]}, "{\"n_estimators\": 150, \"learning_rate\": 0.8}": {"5": [99.99765055994988, 0.0013278898079605952]}, "{\"n_estimators\": 150, \"learning_rate\": 0.9}": {"5": [99.99823791996242, 0.0014387323260149298]}, "{\"n_estimators\": 150, \"learning_rate\": 1}": {"5": [99.99882527997495, 0.0009591548840083919]}, "{\"n_estimators\": 150, \"learning_rate\": 1.1}": {"5": [99.99921685331663, 0.0007325666431929525]}, "{\"n_estimators\": 150, \"learning_rate\": 1.2}": {"5": [99.99921685331663, 0.0007325666431929525]}, "{\"n_estimators\": 150, \"learning_rate\": 1.3}": {"5": [99.99902106664578, 0.0006191318153672124]}, "{\"n_estimators\": 150, \"learning_rate\": 1.4}": {"5": [99.99941263998747, 0.0007831466833735367]}, "{\"n_estimators\": 200, \"learning_rate\": 0.7}": {"5": [99.99745477327903, 0.0017068286253968277]}, "{\"n_estimators\": 200, \"learning_rate\": 0.8}": {"5": [99.99882527997495, 0.0009591548840083919]}, "{\"n_estimators\": 200, \"learning_rate\": 0.9}": {"5": [99.99882527997495, 0.0009591548840083919]}, "{\"n_estimators\": 200, \"learning_rate\": 1}": {"5": [99.99882527997495, 0.0009591548840083919]}, "{\"n_estimators\": 200, \"learning_rate\": 1.1}": {"5": [99.99921685331663, 0.0007325666431929525]}, "{\"n_estimators\": 200, \"learning_rate\": 1.2}": {"5": [99.99921685331663, 0.0007325666431929525]}, "{\"n_estimators\": 200, \"learning_rate\": 1.3}": {"5": [99.99941263998748, 0.00047957744200215636]}, "{\"n_estimators\": 200, \"learning_rate\": 1.4}": {"5": [99.99960842665831, 0.00047957744200215636]}}