{"{\"var_smoothing\": 1e-10}": {"5": [65.71990758869136, 0.13426655338245289]}, "{\"var_smoothing\": 1e-09}": {"5": [69.71708826063121, 0.2122535209041562]}, "{\"var_smoothing\": 1e-08}": {"5": [80.8800610854413, 0.22853227983340813]}}