{"{\"n_estimators\": 100, \"max_samples\": 0.7, \"max_features\": \"sqrt\"}": {"5": [99.71767562064375, 0.027323290820613248]}, "{\"n_estimators\": 100, \"max_samples\": 0.7, \"max_features\": \"log2\"}": {"5": [99.43750489466676, 0.02586015096037369]}, "{\"n_estimators\": 100, \"max_samples\": 0.7, \"max_features\": 0.2}": {"5": [99.96025530581876, 0.0051652071259589765]}, "{\"n_estimators\": 100, \"max_samples\": 0.7, \"max_features\": 0.6}": {"5": [99.99647583992483, 0.0017068286253973369]}, "{\"n_estimators\": 100, \"max_samples\": 0.7, \"max_features\": 0.8}": {"5": [99.99725898660819, 0.0014387323260143254]}, "{\"n_estimators\": 100, \"max_samples\": 0.7, \"max_features\": 1.0}": {"5": [99.99804213329156, 0.0008755846101889869]}, "{\"n_estimators\": 100, \"max_samples\": 0.8, \"max_features\": \"sqrt\"}": {"5": [99.75311300806642, 0.03245219438291422]}, "{\"n_estimators\": 100, \"max_samples\": 0.8, \"max_features\": \"log2\"}": {"5": [99.44063748140026, 0.05986271511541709]}, "{\"n_estimators\": 100, \"max_samples\": 0.8, \"max_features\": 0.2}": {"5": [99.96182159918551, 0.0046331582607109815]}, "{\"n_estimators\": 100, \"max_samples\": 0.8, \"max_features\": 0.6}": {"5": [99.99706319993736, 0.001384420826193936]}, "{\"n_estimators\": 100, \"max_samples\": 0.8, \"max_features\": 0.8}": {"5": [99.99784634662072, 0.0011416226593420167]}, "{\"n_estimators\": 100, \"max_samples\": 0.8, \"max_features\": 1.0}": {"5": [99.99804213329156, 0.0008755846101889869]}, "{\"n_estimators\": 100, \"max_samples\": 0.9, \"max_features\": \"sqrt\"}": {"5": [99.74821834129533, 0.03638367503228802]}, "{\"n_estimators\": 100, \"max_samples\": 0.9, \"max_features\": \"log2\"}": {"5": [99.50524708277861, 0.029863725402010082]}, "{\"n_estimators\": 100, \"max_samples\": 0.9, \"max_features\": 0.2}": {"5": [99.96201738585636, 0.005821156217133802]}, "{\"n_estimators\": 100, \"max_samples\": 0.9, \"max_features\": 0.6}": {"5": [99.99765055994988, 0.0014651332863867953]}, "{\"n_estimators\": 100, \"max_samples\": 0.9, \"max_features\": 0.8}": {"5": [99.99823791996242, 0.0007325666431941394]}, "{\"n_estimators\": 100, \"max_samples\": 0.9, \"max_features\": 1.0}": {"5": [99.99804213329156, 0.0008755846101889869]}, "{\"n_estimators\": 100, \"max_samples\": 0.99, \"max_features\": \"sqrt\"}": {"5": [99.7769989819093, 0.039383791873066884]}, "{\"n_estimators\": 100, \"max_samples\": 0.99, \"max_features\": \"log2\"}": {"5": [99.45982457514295, 0.024464717725206066]}, "{\"n_estimators\": 100, \"max_samples\": 0.99, \"max_features\": 0.2}": {"5": [99.96377946589396, 0.006404349296655849]}, "{\"n_estimators\": 100, \"max_samples\": 0.99, \"max_features\": 0.6}": {"5": [99.99784634662072, 0.0009591548840111113]}, "{\"n_estimators\": 100, \"max_samples\": 0.99, \"max_features\": 0.8}": {"5": [99.99823791996242, 0.0007325666431941394]}, "{\"n_estimators\": 100, \"max_samples\": 0.99, \"max_features\": 1.0}": {"5": [99.99804213329156, 0.0008755846101889869]}, "{\"n_estimators\": 200, \"max_samples\": 0.7, \"max_features\": \"sqrt\"}": {"5": [99.7656433550004, 0.031034503330640117]}, "{\"n_estimators\": 200, \"max_samples\": 0.7, \"max_features\": \"log2\"}": {"5": [99.42262510768266, 0.030716676214943898]}, "{\"n_estimators\": 200, \"max_samples\": 0.7, \"max_features\": 0.2}": {"5": [99.9626047458689, 0.005482026783618881]}, "{\"n_estimators\": 200, \"max_samples\": 0.7, \"max_features\": 0.6}": {"5": [99.9968674132665, 0.0016842206255489442]}, "{\"n_estimators\": 200, \"max_samples\": 0.7, \"max_features\": 0.8}": {"5": [99.99725898660819, 0.0018982222011995555]}, "{\"n_estimators\": 200, \"max_samples\": 0.7, \"max_features\": 1.0}": {"5": [99.99804213329156, 0.0008755846101889869]}, "{\"n_estimators\": 200, \"max_samples\": 0.8, \"max_features\": \"sqrt\"}": {"5": [99.78717988879318, 0.013345127408527661]}, "{\"n_estimators\": 200, \"max_samples\": 0.8, \"max_features\": \"log2\"}": {"5": [99.41714308089907, 0.02579336135229629]}, "{\"n_estimators\": 200, \"max_samples\": 0.8, \"max_features\": 0.2}": {"5": [99.96201738585636, 0.005654134653534328]}, "{\"n_estimators\": 200, \"max_samples\": 0.8, \"max_features\": 0.6}": {"5": [99.9968674132665, 0.0011416226593389703]}, "{\"n_estimators\": 200, \"max_samples\": 0.8, \"max_features\": 0.8}": {"5": [99.99784634662072, 0.0011416226593420167]}, "{\"n_estimators\": 200, \"max_samples\": 0.8, \"max_features\": 1.0}": {"5": [99.99804213329156, 0.0008755846101889869]}, "{\"n_estimators\": 200, \"max_samples\": 0.9, \"max_features\": \"sqrt\"}": {"5": [99.81400266269873, 0.0044646230131522545]}, "{\"n_estimators\": 200, \"max_samples\": 0.9, \"max_features\": \"log2\"}": {"5": [99.45395097501762, 0.020999432497130568]}, "{\"n_estimators\": 200, \"max_samples\": 0.9, \"max_features\": 0.2}": {"5": [99.96338789255228, 0.005523821747855126]}, "{\"n_estimators\": 200, \"max_samples\": 0.9, \"max_features\": 0.6}": {"5": [99.99725898660819, 0.0014387323260143254]}, "{\"n_estimators\": 200, \"max_samples\": 0.9, \"max_features\": 0.8}": {"5": [99.99804213329156, 0.0008755846101889869]}, "{\"n_estimators\": 200, \"max_samples\": 0.9, \"max_features\": 1.0}": {"5": [99.99804213329156, 0.0008755846101889869]}, "{\"n_estimators\": 200, \"max_samples\": 0.99, \"max_features\": \"sqrt\"}": {"5": [99.79657764899365, 0.026021219713110718]}, "{\"n_estimators\": 200, \"max_samples\": 0.99, \"max_features\": \"log2\"}": {"5": [99.50211449604511, 0.04704831509241967]}, "{\"n_estimators\": 200, \"max_samples\": 0.99, \"max_features\": 0.2}": {"5": [99.96377946589396, 0.006191318153672477]}, "{\"n_estimators\": 200, \"max_samples\": 0.99, \"max_features\": 0.6}": {"5": [99.9972589866082, 0.0011416226593420167]}, "{\"n_estimators\": 200, \"max_samples\": 0.99, \"max_features\": 0.8}": {"5": [99.99823791996242, 0.0007325666431941394]}, "{\"n_estimators\": 200, \"max_samples\": 0.99, \"max_features\": 1.0}": {"5": [99.99804213329156, 0.0008755846101889869]}, "{\"n_estimators\": 300, \"max_samples\": 0.7, \"max_features\": \"sqrt\"}": {"5": [99.78267679536377, 0.01267331218786041]}, "{\"n_estimators\": 300, \"max_samples\": 0.7, \"max_features\": \"log2\"}": {"5": [99.42595348108702, 0.017627325390156882]}, "{\"n_estimators\": 300, \"max_samples\": 0.7, \"max_features\": 0.2}": {"5": [99.96319210588143, 0.007419255744967691]}, "{\"n_estimators\": 300, \"max_samples\": 0.7, \"max_features\": 0.6}": {"5": [99.9968674132665, 0.0015662933667481835]}, "{\"n_estimators\": 300, \"max_samples\": 0.7, \"max_features\": 0.8}": {"5": [99.99745477327903, 0.001174720025062618]}, "{\"n_estimators\": 300, \"max_samples\": 0.7, \"max_features\": 1.0}": {"5": [99.99784634662072, 0.0011416226593420167]}, "{\"n_estimators\": 300, \"max_samples\": 0.8, \"max_features\": \"sqrt\"}": {"5": [99.79912287571462, 0.01746127350732824]}, "{\"n_estimators\": 300, \"max_samples\": 0.8, \"max_features\": \"log2\"}": {"5": [99.48018638891064, 0.0346824358236434]}, "{\"n_estimators\": 300, \"max_samples\": 0.8, \"max_features\": 0.2}": {"5": [99.96280053253975, 0.006922104130967796]}, "{\"n_estimators\": 300, \"max_samples\": 0.8, \"max_features\": 0.6}": {"5": [99.9968674132665, 0.0016842206255489442]}, "{\"n_estimators\": 300, \"max_samples\": 0.8, \"max_features\": 0.8}": {"5": [99.99784634662072, 0.0011416226593420167]}, "{\"n_estimators\": 300, \"max_samples\": 0.8, \"max_features\": 1.0}": {"5": [99.99804213329156, 0.0008755846101889869]}, "{\"n_estimators\": 300, \"max_samples\": 0.9, \"max_features\": \"sqrt\"}": {"5": [99.79833972903126, 0.015478295384174695]}, "{\"n_estimators\": 300, \"max_samples\": 0.9, \"max_features\": \"log2\"}": {"5": [99.48684313571933, 0.03676621378120712]}, "{\"n_estimators\": 300, \"max_samples\": 0.9, \"max_features\": 0.2}": {"5": [99.96319210588143, 0.005925579900703499]}, "{\"n_estimators\": 300, \"max_samples\": 0.9, \"max_features\": 0.6}": {"5": [99.99745477327903, 0.0018156508919077003]},