{"{\"n_estimators\": 100, \"max_samples\": 0.8}": {"10": [99.77092959511316, 0.026944684891281354], "15": [99.78385156709668, 0.042958797168571955], "20": [99.76740543503799, 0.047027942034621795]}, "{\"n_estimators\": 100, \"max_samples\": 1.0}": {"10": [NaN, NaN], "15": [NaN, NaN], "20": [NaN, NaN]}, "{\"n_estimators\": 200, \"max_samples\": 0.8}": {"10": [99.79422820894352, 0.025095085894758087], "15": [99.79520697359418, 0.03576817173930588], "20": [99.79422820894352, 0.03857494304093779]}, "{\"n_estimators\": 200, \"max_samples\": 1.0}": {"10": [NaN, NaN], "15": [NaN, NaN], "20": [NaN, NaN]}}