{"{\"eta\": 0.2, \"max_depth\": 6, \"subsample\": 0.5}": {"5": [99.99843370663326, 0.0004795774420075953]}, "{\"eta\": 0.2, \"max_depth\": 6, \"subsample\": 0.6}": {"5": [99.99921685331663, 0.0003915733416848255]}, "{\"eta\": 0.2, \"max_depth\": 6, \"subsample\": 0.7}": {"5": [99.99882527997495, 0.0007325666431941394]}, "{\"eta\": 0.2, \"max_depth\": 6, \"subsample\": 0.8}": {"5": [99.99882527997495, 0.0007325666431941394]}, "{\"eta\": 0.2, \"max_depth\": 6, \"subsample\": 0.9}": {"5": [99.99921685331664, 0.0007325666431929525]}, "{\"eta\": 0.2, \"max_depth\": 6, \"subsample\": 1.0}": {"5": [99.99941263998747, 0.00047957744200215636]}, "{\"eta\": 0.2, \"max_depth\": 10, \"subsample\": 0.5}": {"5": [99.99862949330411, 0.00047957744200759526]}, "{\"eta\": 0.2, \"max_depth\": 10, \"subsample\": 0.6}": {"5": [99.99902106664578, 0.0006191318153672124]}, "{\"eta\": 0.2, \"max_depth\": 10, \"subsample\": 0.7}": {"5": [99.99882527997495, 0.0007325666431941394]}, "{\"eta\": 0.2, \"max_depth\": 10, \"subsample\": 0.8}": {"5": [99.99882527997495, 0.0007325666431941394]}, "{\"eta\": 0.2, \"max_depth\": 10, \"subsample\": 0.9}": {"5": [99.99921685331664, 0.0003915733416848255]}, "{\"eta\": 0.2, \"max_depth\": 10, \"subsample\": 1.0}": {"5": [99.99921685331664, 0.0003915733416848255]}, "{\"eta\": 0.2, \"max_depth\": 14, \"subsample\": 0.5}": {"5": [99.99862949330411, 0.00047957744200759526]}, "{\"eta\": 0.2, \"max_depth\": 14, \"subsample\": 0.6}": {"5": [99.99902106664578, 0.0006191318153672124]}, "{\"eta\": 0.2, \"max_depth\": 14, \"subsample\": 0.7}": {"5": [99.99882527997495, 0.0007325666431941394]}, "{\"eta\": 0.2, \"max_depth\": 14, \"subsample\": 0.8}": {"5": [99.99882527997495, 0.0007325666431941394]}, "{\"eta\": 0.2, \"max_depth\": 14, \"subsample\": 0.9}": {"5": [99.99921685331664, 0.0003915733416848255]}, "{\"eta\": 0.2, \"max_depth\": 14, \"subsample\": 1.0}": {"5": [99.99921685331664, 0.0003915733416848255]}, "{\"eta\": 0.2, \"max_depth\": 18, \"subsample\": 0.5}": {"5": [99.99862949330411, 0.00047957744200759526]}, "{\"eta\": 0.2, \"max_depth\": 18, \"subsample\": 0.6}": {"5": [99.99902106664578, 0.0006191318153672124]}, "{\"eta\": 0.2, \"max_depth\": 18, \"subsample\": 0.7}": {"5": [99.99882527997495, 0.0007325666431941394]}, "{\"eta\": 0.2, \"max_depth\": 18, \"subsample\": 0.8}": {"5": [99.99882527997495, 0.0007325666431941394]}, "{\"eta\": 0.2, \"max_depth\": 18, \"subsample\": 0.9}": {"5": [99.99921685331664, 0.0003915733416848255]}, "{\"eta\": 0.2, \"max_depth\": 18, \"subsample\": 1.0}": {"5": [99.99921685331664, 0.0003915733416848255]}, "{\"eta\": 0.2, \"max_depth\": 22, \"subsample\": 0.5}": {"5": [99.99862949330411, 0.00047957744200759526]}, "{\"eta\": 0.2, \"max_depth\": 22, \"subsample\": 0.6}": {"5": [99.99902106664578, 0.0006191318153672124]}, "{\"eta\": 0.2, \"max_depth\": 22, \"subsample\": 0.7}": {"5": [99.99882527997495, 0.0007325666431941394]}, "{\"eta\": 0.2, \"max_depth\": 22, \"subsample\": 0.8}": {"5": [99.99882527997495, 0.0007325666431941394]}, "{\"eta\": 0.2, \"max_depth\": 22, \"subsample\": 0.9}": {"5": [99.99921685331664, 0.0003915733416848255]}, "{\"eta\": 0.2, \"max_depth\": 22, \"subsample\": 1.0}": {"5": [99.99921685331664, 0.0003915733416848255]}, "{\"eta\": 0.2, \"max_depth\": 26, \"subsample\": 0.5}": {"5": [99.99862949330411, 0.00047957744200759526]}, "{\"eta\": 0.2, \"max_depth\": 26, \"subsample\": 0.6}": {"5": [99.99902106664578, 0.0006191318153672124]}, "{\"eta\": 0.2, \"max_depth\": 26, \"subsample\": 0.7}": {"5": [99.99882527997495, 0.0007325666431941394]}, "{\"eta\": 0.2, \"max_depth\": 26, \"subsample\": 0.8}": {"5": [99.99882527997495, 0.0007325666431941394]}, "{\"eta\": 0.2, \"max_depth\": 26, \"subsample\": 0.9}": {"5": [99.99921685331664, 0.0003915733416848255]}, "{\"eta\": 0.2, \"max_depth\": 26, \"subsample\": 1.0}": {"5": [99.99921685331664, 0.0003915733416848255]}, "{\"eta\": 0.2, \"max_depth\": 30, \"subsample\": 0.5}": {"5": [99.99862949330411, 0.00047957744200759526]}, "{\"eta\": 0.2, \"max_depth\": 30, \"subsample\": 0.6}": {"5": [99.99902106664578, 0.0006191318153672124]}, "{\"eta\": 0.2, \"max_depth\": 30, \"subsample\": 0.7}": {"5": [99.99882527997495, 0.0007325666431941394]}, "{\"eta\": 0.2, \"max_depth\": 30, \"subsample\": 0.8}": {"5": [99.99882527997495, 0.0007325666431941394]}, "{\"eta\": 0.2, \"max_depth\": 30, \"subsample\": 0.9}": {"5": [99.99921685331664, 0.0003915733416848255]}, "{\"eta\": 0.2, \"max_depth\": 30, \"subsample\": 1.0}": {"5": [99.99921685331664, 0.0003915733416848255]}, "{\"eta\": 0.3, \"max_depth\": 6, \"subsample\": 0.5}": {"5": [99.99902106664578, 0.0006191318153672124]}, "{\"eta\": 0.3, \"max_depth\": 6, \"subsample\": 0.6}": {"5": [99.99902106664578, 0.0006191318153672124]}, "{\"eta\": 0.3, \"max_depth\": 6, \"subsample\": 0.7}": {"5": [99.99862949330411, 0.0009983200551316202]}, "{\"eta\": 0.3, \"max_depth\": 6, \"subsample\": 0.8}": {"5": [99.99882527997495, 0.0007325666431941394]}, "{\"eta\": 0.3, \"max_depth\": 6, \"subsample\": 0.9}": {"5": [99.99902106664578, 0.0008755846101889869]}, "{\"eta\": 0.3, \"max_depth\": 6, \"subsample\": 1.0}": {"5": [99.99921685331664, 0.0003915733416848255]}, "{\"eta\": 0.3, \"max_depth\": 10, \"subsample\": 0.5}": {"5": [99.99862949330411, 0.00047957744200759526]}, "{\"eta\": 0.3, \"max_depth\": 10, \"subsample\": 0.6}": {"5": [99.99882527997495, 0.0007325666431941394]}, "{\"eta\": 0.3, \"max_depth\": 10, \"subsample\": 0.7}": {"5": [99.99902106664578, 0.0006191318153672124]}, "{\"eta\": 0.3, \"max_depth\": 10, \"subsample\": 0.8}": {"5": [99.99862949330411, 0.0007831466833740918]}, "{\"eta\": 0.3, \"max_depth\": 10, \"subsample\": 0.9}": {"5": [99.99921685331663, 0.0003915733416848255]}, "{\"eta\": 0.3, \"max_depth\": 10, \"subsample\": 1.0}": {"5": [99.99921685331664, 0.0007325666431929525]}, "{\"eta\": 0.3, \"max_depth\": 14, \"subsample\": 0.5}": {"5": [99.99862949330411, 0.00047957744200759526]}, "{\"eta\": 0.3, \"max_depth\": 14, \"subsample\": 0.6}": {"5": [99.99882527997495, 0.0007325666431941394]}, "{\"eta\": 0.3, \"max_depth\": 14, \"subsample\": 0.7}": {"5": [99.99902106664578, 0.0006191318153672124]}, "{\"eta\": 0.3, \"max_depth\": 14, \"subsample\": 0.8}": {"5": [99.99862949330411, 0.0007831466833740918]}, "{\"eta\": 0.3, \"max_depth\": 14, \"subsample\": 0.9}": {"5": [99.99921685331663, 0.0003915733416848255]}, "{\"eta\": 0.3, \"max_depth\": 14, \"subsample\": 1.0}": {"5": [99.99921685331664, 0.0007325666431929525]}, "{\"eta\": 0.3, \"max_depth\": 18, \"subsample\": 0.5}": {"5": [99.99862949330411, 0.00047957744200759526]}, "{\"eta\": 0.3, \"max_depth\": 18, \"subsample\": 0.6}": {"5": [99.99882527997495, 0.0007325666431941394]}, "{\"eta\": 0.3, \"max_depth\": 18, \"subsample\": 0.7}": {"5": [99.99902106664578, 0.0006191318153672124]}, "{\"eta\": 0.3, \"max_depth\": 18, \"subsample\": 0.8}": {"5": [99.99862949330411, 0.0007831466833740918]}, "{\"eta\": 0.3, \"max_depth\": 18, \"subsample\": 0.9}": {"5": [99.99921685331663, 0.0003915733416848255]}, "{\"eta\": 0.3, \"max_depth\": 18, \"subsample\": 1.0}": {"5": [99.99921685331664, 0.0007325666431929525]}, "{\"eta\": 0.3, \"max_depth\": 22, \"subsample\": 0.5}": {"5": [99.99862949330411, 0.00047957744200759526]}, "{\"eta\": 0.3, \"max_depth\": 22, \"subsample\": 0.6}": {"5": [99.99882527997495, 0.0007325666431941394]}, "{\"eta\": 0.3, \"max_depth\": 22, \"subsample\": 0.7}": {"5": [99.99902106664578, 0.0006191318153672124]}, "{\"eta\": 0.3, \"max_depth\": 22, \"subsample\": 0.8}": {"5": [99.99862949330411, 0.0007831466833740918]}, "{\"eta\": 0.3, \"max_depth\": 22, \"subsample\": 0.9}": {"5": [99.99921685331663, 0.0003915733416848255]}, "{\"eta\": 0.3, \"max_depth\": 22, \"subsample\": 1.0}": {"5": [99.99921685331664, 0.0007325666431929525]}, "{\"eta\": 0.3, \"max_depth\": 26, \"subsample\": 0.5}": {"5": [99.99862949330411, 0.00047957744200759526]}, "{\"eta\": 0.3, \"max_depth\": 26, \"subsample\": 0.6}": {"5": [99.99882527997495, 0.0007325666431941394]},